Epoca,loss,dice_coef,accuracy,val_loss,val_dice_coef,val_accuracy,fase
0,1.004930853843689,0.12041346728801727,0.9732365012168884,0.9344097971916199,0.1867641806602478,0.9781439304351807,float
1,0.7810391187667847,0.32948702573776245,0.9715268015861511,0.702547550201416,0.39150330424308777,0.9715725779533386,float
2,0.6948581337928772,0.4000965654850006,0.9769209623336792,0.6516730785369873,0.4347420632839203,0.9781896471977234,float
3,0.6504555940628052,0.43783268332481384,0.9795538187026978,0.6577158570289612,0.4327431917190552,0.9758994579315186,float
4,0.6286214590072632,0.45683902502059937,0.9801495671272278,0.6319817304611206,0.4547419846057892,0.9778128266334534,float
5,0.5956019759178162,0.48464539647102356,0.9821975827217102,0.641278088092804,0.46041375398635864,0.9755303859710693,float
6,0.5770732164382935,0.5013000965118408,0.9826871156692505,0.6132411956787109,0.4812624156475067,0.9759396910667419,float
7,0.5906982421875,0.4885760545730591,0.9826183915138245,0.6085182428359985,0.48435160517692566,0.9772466421127319,float
8,0.5546597242355347,0.520748496055603,0.9838066101074219,0.5669069290161133,0.512924313545227,0.9803850650787354,float
9,0.5311480760574341,0.5411685109138489,0.9844950437545776,0.5515151619911194,0.5213883519172668,0.9825735092163086,float
10,0.5183606743812561,0.5526534914970398,0.9848362803459167,0.5309576988220215,0.5376101732254028,0.9838002324104309,float
11,0.5087170600891113,0.5620134472846985,0.9851160049438477,0.5359691381454468,0.5325514078140259,0.9851778149604797,float
12,0.4954180419445038,0.5740715861320496,0.9853712916374207,0.5382903814315796,0.5379701256752014,0.9823312163352966,float
13,0.4705643653869629,0.5960445404052734,0.9861207008361816,0.5199979543685913,0.5540056824684143,0.9826434850692749,float
14,0.45726341009140015,0.6079860329627991,0.9862801432609558,0.5158097743988037,0.5563863515853882,0.9837093353271484,float
15,0.44920602440834045,0.6153460741043091,0.9864614009857178,0.507161557674408,0.567789614200592,0.9835991263389587,float
16,0.4376850724220276,0.6259517073631287,0.9866592288017273,0.5135927200317383,0.5643865466117859,0.9802380204200745,float
17,0.424281507730484,0.6384861469268799,0.9870544075965881,0.4971955418586731,0.5729184150695801,0.9836441278457642,float
18,0.41242358088493347,0.6485446095466614,0.9877077341079712,0.49514448642730713,0.5814779996871948,0.98346346616745,float
19,0.4008624851703644,0.6593493819236755,0.9879084825515747,0.4872487187385559,0.5838561058044434,0.9845002889633179,float
20,0.3896126449108124,0.6688317656517029,0.9883127808570862,0.48479512333869934,0.5806649327278137,0.9866560697555542,float
21,0.3875564634799957,0.6707009077072144,0.9885910749435425,0.4924387037754059,0.580655574798584,0.9834121465682983,float
22,0.37118494510650635,0.6855125427246094,0.9890411496162415,0.4773252308368683,0.594761848449707,0.9839656949043274,float
23,0.3612583875656128,0.694313645362854,0.9893249869346619,0.48233768343925476,0.5887895226478577,0.9862479567527771,float
24,0.3467457592487335,0.7066967487335205,0.9900089502334595,0.48615944385528564,0.5868893265724182,0.9853977560997009,float
25,0.35178229212760925,0.7029391527175903,0.9898893237113953,0.48310381174087524,0.5865074396133423,0.9861261248588562,float
26,0.3485499322414398,0.7054457068443298,0.9899339079856873,0.47691670060157776,0.59539794921875,0.9851570129394531,float
27,0.3319528102874756,0.7197797894477844,0.9904959797859192,0.4864503741264343,0.5916018486022949,0.9846662878990173,float
28,0.32860565185546875,0.7229751944541931,0.9906176924705505,0.4920113682746887,0.5850927829742432,0.9848875999450684,float
29,0.3135529160499573,0.7359038591384888,0.9911733269691467,0.4839130938053131,0.5868908762931824,0.9869720935821533,float
30,0.31013140082359314,0.739000678062439,0.9913269877433777,0.49333345890045166,0.5825110673904419,0.9856700301170349,float
31,0.30929383635520935,0.7393503189086914,0.9914249777793884,0.48712873458862305,0.5859600305557251,0.9863930344581604,float
32,0.30232587456703186,0.7452567219734192,0.9916627407073975,0.4734436869621277,0.5982651114463806,0.9856699109077454,float
33,0.29737797379493713,0.7495355606079102,0.9918540120124817,0.47315800189971924,0.5954710841178894,0.9868096709251404,float
34,0.2855350077152252,0.7601717114448547,0.9921738505363464,0.512133002281189,0.5703458786010742,0.984130859375,float
35,0.28802335262298584,0.7582353949546814,0.9920930862426758,0.4855113625526428,0.5807200074195862,0.9884591698646545,float
36,0.2717026472091675,0.7720026969909668,0.99266517162323,0.46690645813941956,0.598465085029602,0.9879477620124817,float
37,0.28265616297721863,0.762840211391449,0.9921615719795227,0.4737226068973541,0.5916975140571594,0.9883062243461609,float
38,0.2675461769104004,0.7755906581878662,0.9927499890327454,0.46942833065986633,0.6009296178817749,0.987206220626831,float
39,0.26118162274360657,0.7814121842384338,0.9928886890411377,0.4761350452899933,0.5942643284797668,0.9873725771903992,float
40,0.2529445290565491,0.7883678674697876,0.9931858777999878,0.4741617441177368,0.5932907462120056,0.9884293079376221,float
41,0.25269126892089844,0.7886452078819275,0.9931774735450745,0.47783589363098145,0.5935117602348328,0.9879178404808044,float
42,0.2589285969734192,0.783328652381897,0.9929165244102478,0.47004979848861694,0.5966023802757263,0.9887290000915527,float
43,0.2496275007724762,0.7911423444747925,0.9932964444160461,0.4875578284263611,0.5868472456932068,0.9876560568809509,float
44,0.23831872642040253,0.8010118007659912,0.9935452938079834,0.483870267868042,0.592021644115448,0.9869069457054138,float
45,0.23193085193634033,0.806358814239502,0.9938194751739502,0.4797033369541168,0.590021014213562,0.9884393215179443,float
46,0.23540914058685303,0.8037583827972412,0.9936690926551819,0.4913063943386078,0.5812651515007019,0.9884516596794128,float
47,0.23432569205760956,0.8044033646583557,0.9936782717704773,0.47347569465637207,0.5997567176818848,0.988772988319397,float
48,0.232299342751503,0.8062848448753357,0.9937114119529724,0.47262313961982727,0.5980408787727356,0.988359808921814,float
49,0.22182467579841614,0.8153380155563354,0.9940534830093384,0.4640016257762909,0.6112165451049805,0.9880858063697815,float
50,0.21981440484523773,0.8170700073242188,0.9940769672393799,0.47635790705680847,0.5958379507064819,0.9883131980895996,float
51,0.2147078961133957,0.8213894367218018,0.9942271113395691,0.48223909735679626,0.5927301049232483,0.9880560636520386,float
52,0.21590043604373932,0.8204930424690247,0.9942121505737305,0.483358234167099,0.5952904224395752,0.9873544573783875,float
53,0.2165876179933548,0.8200858235359192,0.9941470623016357,0.4809900224208832,0.6021838188171387,0.986626386642456,float
54,0.20116816461086273,0.8329472541809082,0.9946879744529724,0.48975858092308044,0.5880944728851318,0.988084077835083,float
55,0.20892450213432312,0.8263726830482483,0.9943971037864685,0.46541693806648254,0.604173481464386,0.989079475402832,float
56,0.20008070766925812,0.8338021636009216,0.9946815371513367,0.48443400859832764,0.5905035734176636,0.9884204864501953,float
57,0.20555397868156433,0.8292344212532043,0.9944856762886047,0.5053471922874451,0.5824683904647827,0.9851796627044678,float
58,0.20395492017269135,0.8308730721473694,0.994525134563446,0.47251689434051514,0.60301673412323,0.9877222776412964,float
59,0.1941799372434616,0.8386026620864868,0.994878351688385,0.46999427676200867,0.6029614210128784,0.9887098073959351,float
60,0.19931069016456604,0.8345903158187866,0.9946497082710266,0.48043254017829895,0.595944344997406,0.9878628849983215,float
61,0.18783509731292725,0.8442378044128418,0.9950469732284546,0.48905593156814575,0.5909214019775391,0.9870262145996094,float
62,0.19291484355926514,0.8397160768508911,0.9948596358299255,0.4815860092639923,0.5962833166122437,0.9866657257080078,float
63,0.1853538602590561,0.8461663722991943,0.9950998425483704,0.47789496183395386,0.5977373123168945,0.9881055355072021,float
64,0.18273542821407318,0.8485619425773621,0.9951474070549011,0.4835590124130249,0.5979431867599487,0.9874523878097534,float
65,0.41882461309432983,0.633445680141449,0.9893290400505066,0.46383100748062134,0.6104798316955566,0.9874757528305054,qat
66,0.2373650074005127,0.8028988838195801,0.9932437539100647,0.5307704210281372,0.5569573640823364,0.9845708608627319,qat
67,0.5856249928474426,0.5199414491653442,0.9728794693946838,1.0445884466171265,0.205043226480484,0.986290454864502,qat
68,1.2162294387817383,0.14690281450748444,0.9892977476119995,1.5393275022506714,0.06871449947357178,0.985122799873352,qat
69,1.5372700691223145,0.0785060003399849,0.9876999855041504,1.6656320095062256,0.05741333216428757,0.985379695892334,qat
70,1.599090814590454,0.07163284718990326,0.9879193305969238,1.7043802738189697,0.05760069191455841,0.9866683483123779,qat
71,1.6227344274520874,0.07156624644994736,0.988436758518219,1.7655428647994995,0.05936974659562111,0.9866799116134644,qat
72,1.5742241144180298,0.1417333334684372,0.9885684847831726,1.771869421005249,0.25077542662620544,0.9870368838310242,qat
73,1.6419813632965088,0.38629671931266785,0.98896324634552,2.468263864517212,0.37801554799079895,0.9869023561477661,qat
74,2.0112786293029785,0.4733937978744507,0.9886293411254883,3.1837704181671143,0.4108426570892334,0.9865596294403076,qat
75,2.4284725189208984,0.5120417475700378,0.9883832335472107,3.881772994995117,0.4233205318450928,0.9862321615219116,qat
76,2.9222400188446045,0.528025209903717,0.9876723885536194,5.191922664642334,0.43217718601226807,0.9855543971061707,qat
77,3.8367536067962646,0.5344083905220032,0.9862912893295288,7.343822479248047,0.4318837523460388,0.9843946099281311,qat
78,4.716278076171875,0.5160977840423584,0.9840609431266785,8.615300178527832,0.40894007682800293,0.9826382398605347,qat
79,5.51519775390625,0.4664881229400635,0.9803667068481445,9.664632797241211,0.3607768714427948,0.9793635010719299,qat
80,6.326741695404053,0.42921367287635803,0.9775641560554504,10.976564407348633,0.3501855134963989,0.9785203337669373,qat
