Epoca,loss,val_loss,val_seq_acc,lr,fase
0,45.025264739990234,78.84564208984375,0.0,0.001,float
1,21.29364013671875,32.26820373535156,0.0,0.001,float
2,18.636720657348633,19.77560806274414,0.0,0.001,float
3,18.272201538085938,16.25844383239746,0.0,0.001,float
4,17.47237205505371,15.998194694519043,0.0,0.001,float
5,17.444318771362305,16.003870010375977,0.0,0.001,float
6,17.05984115600586,16.759136199951172,0.0,0.001,float
7,16.60173225402832,18.412708282470703,0.0,0.001,float
8,16.56353187561035,17.708053588867188,0.0,0.001,float
9,15.818903923034668,17.10260772705078,0.0,0.001,float
10,15.537309646606445,17.887489318847656,0.0,0.001,float
11,15.321990013122559,16.097644805908203,0.0,0.001,float
12,15.29018783569336,16.07790756225586,0.0,0.001,float
13,15.181594848632812,15.920698165893555,0.0,0.001,float
14,15.075681686401367,16.020986557006836,0.0,0.001,float
15,14.962127685546875,15.66843032836914,0.0,0.001,float
16,14.882370948791504,16.139474868774414,0.0,0.001,float
17,14.905838966369629,15.262636184692383,0.0,0.001,float
18,14.865757942199707,15.194868087768555,0.0,0.001,float
19,14.818317413330078,15.412778854370117,0.0,0.001,float
20,14.770916938781738,15.205109596252441,0.0,0.001,float
21,14.759153366088867,15.134429931640625,0.0,0.001,float
22,14.789124488830566,15.280827522277832,0.0,0.001,float
23,14.77881145477295,15.236798286437988,0.0,0.001,float
24,14.743685722351074,15.19018840789795,0.0,0.001,float
25,14.746045112609863,15.195018768310547,0.0,0.001,float
26,14.766551971435547,15.271946907043457,0.0,0.001,float
27,14.702864646911621,15.115721702575684,0.0,0.001,float
28,14.634541511535645,15.155750274658203,0.0,0.001,float
29,14.688236236572266,15.132981300354004,0.0,0.001,float
30,14.658781051635742,15.224149703979492,0.0,0.001,float
31,14.615265846252441,15.466397285461426,0.0,0.001,float
32,14.596624374389648,15.037749290466309,0.0,0.001,float
33,14.619335174560547,15.070018768310547,0.0,0.001,float
34,14.597819328308105,15.135496139526367,0.0,0.001,float
35,14.539692878723145,15.167466163635254,0.0,0.001,float
36,14.586289405822754,15.200026512145996,0.0,0.001,float
37,14.56143856048584,15.391550064086914,0.0,0.001,float
38,14.509101867675781,15.082499504089355,0.0,0.001,float
39,14.512269020080566,15.082176208496094,0.0,0.001,float
40,14.554930686950684,15.033453941345215,0.0,0.001,float
41,14.477739334106445,15.021166801452637,0.0,0.001,float
42,14.477561950683594,15.042277336120605,0.0,0.001,float
43,14.451764106750488,14.886726379394531,0.0,0.001,float
44,14.422670364379883,15.012389183044434,0.0,0.001,float
45,14.38930606842041,15.099944114685059,0.0,0.001,float
46,14.416507720947266,15.075100898742676,0.0,0.001,float
47,14.275738716125488,14.91079330444336,0.0,0.001,float
48,14.216496467590332,14.782511711120605,0.0,0.001,float
49,14.331769943237305,14.751659393310547,0.0,0.001,float
50,14.232073783874512,14.754587173461914,0.0,0.001,float
51,14.096272468566895,14.545550346374512,0.0,0.001,float
52,13.983580589294434,14.621990203857422,0.0,0.001,float
53,13.545982360839844,13.980966567993164,0.0,0.001,float
54,12.567212104797363,16.045408248901367,0.004032258064516129,0.001,float
55,11.4115571975708,13.221504211425781,0.004032258064516129,0.001,float
56,9.778573989868164,13.112629890441895,0.008064516129032258,0.001,float
57,8.932129859924316,9.600743293762207,0.04435483870967742,0.001,float
58,8.23531436920166,9.389754295349121,0.04032258064516129,0.001,float
59,7.611246585845947,8.113744735717773,0.06048387096774194,0.001,float
60,7.0389604568481445,8.139057159423828,0.07258064516129033,0.001,float
61,6.483219146728516,7.312802314758301,0.0967741935483871,0.001,float
62,6.475017547607422,6.6751484870910645,0.12096774193548387,0.001,float
63,5.849122524261475,6.839831829071045,0.08870967741935484,0.001,float
64,5.975790023803711,6.68783712387085,0.13306451612903225,0.001,float
65,5.714723587036133,7.335000514984131,0.14919354838709678,0.001,float
66,5.448205471038818,5.754546165466309,0.1693548387096774,0.001,float
67,5.439523220062256,5.173403739929199,0.1774193548387097,0.001,float
68,5.1533308029174805,5.437793731689453,0.14919354838709678,0.001,float
69,4.94839334487915,5.3922648429870605,0.1814516129032258,0.001,float
70,4.870809555053711,5.232528209686279,0.1975806451612903,0.001,float
71,4.838268280029297,5.336359977722168,0.14112903225806453,0.001,float
72,4.726004600524902,4.781127452850342,0.18548387096774194,0.001,float
73,4.485575199127197,5.229791641235352,0.17338709677419356,0.001,float
74,4.425868034362793,5.138327121734619,0.18548387096774194,0.001,float
75,4.409013748168945,4.593173027038574,0.2540322580645161,0.001,float
76,4.253263473510742,4.7033586502075195,0.20161290322580644,0.001,float
77,4.324906349182129,4.926942825317383,0.20161290322580644,0.001,float
78,4.112642288208008,4.776803970336914,0.21774193548387097,0.001,float
79,4.028093338012695,4.496121406555176,0.22580645161290322,0.001,float
80,4.07912015914917,5.211443901062012,0.18951612903225806,0.001,float
81,3.8414433002471924,4.768820285797119,0.20967741935483872,0.001,float
82,3.850820302963257,4.803544521331787,0.22580645161290322,0.001,float
83,4.06874942779541,4.267286777496338,0.22983870967741934,0.001,float
84,3.731719732284546,4.275162696838379,0.24193548387096775,0.001,float
85,3.840911626815796,4.16714334487915,0.28225806451612906,0.001,float
86,3.741239547729492,4.63601016998291,0.22580645161290322,0.001,float
87,3.5416226387023926,4.583095073699951,0.21774193548387097,0.001,float
88,3.6360363960266113,4.260510444641113,0.2661290322580645,0.001,float
89,3.6773791313171387,4.044998645782471,0.2701612903225806,0.001,float
90,3.5173356533050537,4.134379863739014,0.29838709677419356,0.001,float
91,3.567706823348999,4.1843485832214355,0.2862903225806452,0.001,float
92,3.472808599472046,4.391847610473633,0.2701612903225806,0.001,float
93,3.5680387020111084,4.452488899230957,0.22983870967741934,0.001,float
94,3.370021343231201,4.224613189697266,0.27419354838709675,0.001,float
95,3.2832069396972656,4.902831077575684,0.2217741935483871,0.001,float
96,3.4454848766326904,4.501527309417725,0.2540322580645161,0.001,float
97,3.1971583366394043,4.221118450164795,0.25,0.001,float
98,3.1759285926818848,3.984251022338867,0.2661290322580645,0.001,float
99,3.320425510406494,4.166614055633545,0.2661290322580645,0.001,float
100,3.095057964324951,4.024465084075928,0.22983870967741934,0.001,float
101,3.1307036876678467,4.205477237701416,0.2661290322580645,0.001,float
102,3.1870598793029785,4.136519432067871,0.27419354838709675,0.001,float
103,2.994582176208496,4.07598352432251,0.3064516129032258,0.001,float
104,3.0375802516937256,3.900377035140991,0.27419354838709675,0.001,float
105,3.142573833465576,3.877507448196411,0.3225806451612903,0.001,float
106,2.9302172660827637,4.159587383270264,0.27419354838709675,0.001,float
107,3.0462381839752197,4.434603214263916,0.25806451612903225,0.001,float
108,3.005919933319092,4.241282939910889,0.25806451612903225,0.001,float
109,2.8075273036956787,3.7971842288970947,0.31048387096774194,0.001,float
110,2.945098638534546,4.212112903594971,0.25806451612903225,0.001,float
111,3.052075147628784,4.150486469268799,0.2620967741935484,0.001,float
112,2.919368267059326,4.026655197143555,0.21370967741935484,0.001,float
113,2.684448719024658,4.1648454666137695,0.2540322580645161,0.001,float
114,2.9018313884735107,3.8816068172454834,0.29435483870967744,0.001,float
115,2.9052886962890625,4.101865768432617,0.33064516129032256,0.001,float
116,2.6726372241973877,4.39341402053833,0.2540322580645161,0.001,float
117,2.7683987617492676,4.113130569458008,0.2862903225806452,0.001,float
118,2.7898783683776855,3.8490498065948486,0.3064516129032258,0.001,float
119,2.819054126739502,4.0867486000061035,0.28225806451612906,0.001,float
120,2.778909921646118,4.05495548248291,0.3064516129032258,0.001,float
121,2.6076905727386475,4.230709075927734,0.25806451612903225,0.001,float
122,2.703432559967041,3.9516725540161133,0.2903225806451613,0.001,float
123,2.6690261363983154,3.8253042697906494,0.3467741935483871,0.001,float
124,2.682553291320801,4.015958309173584,0.2782258064516129,0.001,float
125,2.671478271484375,3.8062846660614014,0.33064516129032256,0.001,float
126,2.7914652824401855,3.949610471725464,0.3024193548387097,0.001,float
127,2.5833680629730225,3.9221816062927246,0.2620967741935484,0.001,float
128,2.5100667476654053,4.0288567543029785,0.2701612903225806,0.001,float
129,2.494790554046631,4.038573741912842,0.2782258064516129,0.001,float
130,2.6358141899108887,4.0916829109191895,0.29435483870967744,0.001,float
131,2.3629608154296875,3.981224298477173,0.31048387096774194,0.001,float
132,2.416888475418091,4.158406734466553,0.29435483870967744,0.001,float
133,2.6996333599090576,3.6724889278411865,0.33064516129032256,0.001,float
134,2.572085380554199,4.045502662658691,0.2217741935483871,0.001,float
135,2.4350831508636475,3.7144083976745605,0.33064516129032256,0.001,float
136,2.523719310760498,3.938660144805908,0.29838709677419356,0.001,float
137,2.5449235439300537,3.727349042892456,0.31451612903225806,0.001,float
138,2.3718059062957764,4.028210163116455,0.2782258064516129,0.001,float
139,2.4504220485687256,4.033102035522461,0.3064516129032258,0.001,float
140,2.3919668197631836,4.464803218841553,0.2903225806451613,0.001,float
141,2.421480178833008,4.007396697998047,0.29838709677419356,0.001,float
142,2.4588191509246826,4.125057220458984,0.31451612903225806,0.001,float
143,2.3533670902252197,3.9086592197418213,0.3064516129032258,0.001,float
144,2.3003337383270264,4.641336917877197,0.25806451612903225,0.001,float
145,2.383639097213745,3.8068172931671143,0.29838709677419356,0.001,float
146,2.2271718978881836,4.393633842468262,0.28225806451612906,0.001,float
147,2.370391368865967,3.9938924312591553,0.29838709677419356,0.001,float
148,2.4123499393463135,4.241485595703125,0.33064516129032256,0.001,float
149,2.2281479835510254,3.907773494720459,0.2862903225806452,0.001,float
150,2.25533390045166,4.005141258239746,0.29435483870967744,0.001,float
151,2.2712464332580566,3.8696436882019043,0.29838709677419356,0.001,float
152,2.269801378250122,4.0323028564453125,0.3064516129032258,0.001,float
153,2.108334541320801,4.528801918029785,0.31048387096774194,0.001,float
154,2.3675341606140137,3.9728055000305176,0.31451612903225806,0.001,float
155,2.2865400314331055,3.6609363555908203,0.3346774193548387,0.001,float
156,2.386871576309204,3.874685049057007,0.31451612903225806,0.001,float
157,2.1961851119995117,4.066888332366943,0.31451612903225806,0.001,float
158,2.3258512020111084,4.234500885009766,0.2782258064516129,0.001,float
159,2.0676052570343018,3.9053802490234375,0.3024193548387097,0.001,float
160,2.1542470455169678,3.738046646118164,0.3387096774193548,0.001,float
161,2.078655242919922,4.250803470611572,0.2903225806451613,0.001,float
162,2.2226297855377197,3.887580633163452,0.3467741935483871,0.001,float
163,2.0848145484924316,4.0889716148376465,0.3064516129032258,0.001,float
164,2.162997245788574,4.399937152862549,0.31048387096774194,0.001,float
165,2.053476095199585,4.120286464691162,0.34274193548387094,0.001,float
166,2.173248052597046,4.157729625701904,0.3185483870967742,0.001,float
167,2.170978546142578,3.9108405113220215,0.3588709677419355,0.001,float
168,2.0406692028045654,4.5982794761657715,0.31048387096774194,0.001,float
169,2.0696842670440674,4.025664806365967,0.3548387096774194,0.001,float
170,2.081970691680908,3.933311700820923,0.3346774193548387,0.001,float
171,2.053718328475952,4.419337749481201,0.29838709677419356,0.001,float
172,1.995906114578247,3.9828357696533203,0.32661290322580644,0.001,float
173,2.0893874168395996,4.252847194671631,0.31451612903225806,0.001,float
174,2.0812997817993164,4.278052806854248,0.27419354838709675,0.001,float
175,1.9687247276306152,4.323802947998047,0.2782258064516129,0.001,float
176,2.052628755569458,3.954200267791748,0.3064516129032258,0.001,float
177,2.0756824016571045,4.376534938812256,0.27419354838709675,0.001,float
178,2.0032758712768555,4.1477532386779785,0.3346774193548387,0.001,float
179,2.0842623710632324,4.230747699737549,0.31451612903225806,0.001,float
180,2.076836109161377,4.534979820251465,0.32661290322580644,0.001,float
181,2.0404176712036133,4.022067546844482,0.3387096774193548,0.001,float
182,2.0756120681762695,4.5239105224609375,0.29435483870967744,0.001,float
183,2.004887580871582,3.896860122680664,0.3346774193548387,0.001,float
184,1.892730951309204,4.457616329193115,0.3185483870967742,0.001,float
185,2.0122761726379395,4.0699310302734375,0.3024193548387097,0.001,float
186,1.9787273406982422,4.143925666809082,0.33064516129032256,0.001,float
187,2.0453860759735107,4.548098564147949,0.31451612903225806,0.001,float
188,1.9675657749176025,4.336200714111328,0.31451612903225806,0.001,float
189,1.9792572259902954,4.3971076011657715,0.3387096774193548,0.001,float
190,1.8887016773223877,4.5289626121521,0.3185483870967742,0.001,float
191,1.9159482717514038,4.321759223937988,0.3467741935483871,0.001,float
192,1.9928971529006958,4.2241597175598145,0.3911290322580645,0.001,float
193,1.925450325012207,4.176374912261963,0.29435483870967744,0.001,float
194,2.0202460289001465,4.082774639129639,0.35080645161290325,0.001,float
195,1.9419333934783936,4.5306549072265625,0.3225806451612903,0.001,float
196,1.9606902599334717,4.524157524108887,0.29435483870967744,0.001,float
197,1.8656185865402222,4.273510932922363,0.29838709677419356,0.001,float
198,1.942514419555664,4.246729850769043,0.3185483870967742,0.001,float
199,1.803751826286316,4.374927520751953,0.29838709677419356,0.001,float
200,1.8907963037490845,4.832658767700195,0.31451612903225806,0.001,float
201,1.905059576034546,4.519306182861328,0.2903225806451613,0.001,float
202,1.860977053642273,4.675654888153076,0.3185483870967742,0.001,float
203,1.9001069068908691,4.362986087799072,0.31048387096774194,0.001,float
204,1.90809965133667,4.3201775550842285,0.2620967741935484,0.001,float
205,1.8569071292877197,4.274846076965332,0.31048387096774194,0.001,float
206,1.7641514539718628,4.432126522064209,0.3064516129032258,0.001,float
207,1.8478450775146484,4.58177375793457,0.32661290322580644,0.001,float
208,1.9026398658752441,4.372720718383789,0.3346774193548387,0.001,float
209,1.8909229040145874,4.336839199066162,0.3467741935483871,0.001,float
210,1.830831527709961,4.2424492835998535,0.3588709677419355,0.001,float
211,1.8146653175354004,4.541895389556885,0.31451612903225806,0.001,float
212,1.8346856832504272,4.425333023071289,0.3387096774193548,0.001,float
213,1.8145488500595093,4.513417720794678,0.3709677419354839,0.001,float
214,1.8088513612747192,4.707190990447998,0.31048387096774194,0.001,float
215,1.7833068370819092,4.815510272979736,0.2782258064516129,0.001,float
216,1.8277183771133423,4.411591529846191,0.29435483870967744,0.001,float
217,1.7065601348876953,4.611542701721191,0.3024193548387097,0.001,float
218,1.8175089359283447,4.6082234382629395,0.34274193548387094,0.001,float
219,1.8414417505264282,4.319479942321777,0.29435483870967744,0.001,float
220,1.8843955993652344,4.75214958190918,0.31048387096774194,0.001,float
221,1.8419541120529175,4.297314167022705,0.3629032258064516,0.001,float
222,1.7829742431640625,4.545042037963867,0.2862903225806452,0.001,float
223,1.7799177169799805,4.5928473472595215,0.31451612903225806,0.001,float
224,1.8288599252700806,4.78205680847168,0.3064516129032258,0.001,float
225,1.7362463474273682,4.274555683135986,0.3225806451612903,0.001,float
226,1.7440342903137207,4.48276424407959,0.3064516129032258,0.001,float
227,1.7240971326828003,4.6331939697265625,0.32661290322580644,0.001,float
228,1.7803250551223755,4.438408374786377,0.27419354838709675,0.001,float
229,1.7564852237701416,4.679142951965332,0.3064516129032258,0.001,float
230,1.6987085342407227,4.435886383056641,0.31451612903225806,0.001,float
231,1.6165169477462769,4.769092082977295,0.34274193548387094,0.001,float
232,1.7829889059066772,5.023654937744141,0.3185483870967742,0.001,float
233,1.7161222696304321,4.680145740509033,0.27419354838709675,0.001,float
234,1.6433727741241455,4.958622932434082,0.29838709677419356,0.001,float
235,1.6193209886550903,4.83953857421875,0.32661290322580644,0.001,float
236,1.8363940715789795,4.621473789215088,0.27419354838709675,0.001,float
237,1.7401998043060303,4.405161380767822,0.3225806451612903,0.001,float
238,1.6904970407485962,4.8970208168029785,0.3024193548387097,0.001,float
239,1.739876389503479,4.775937080383301,0.29838709677419356,0.001,float
240,1.6679325103759766,4.611280918121338,0.31048387096774194,0.001,float
241,1.71503484249115,4.847311973571777,0.29435483870967744,0.001,float
242,1.6390396356582642,4.460544586181641,0.32661290322580644,0.001,float
243,1.660786747932434,4.746659278869629,0.25806451612903225,0.001,float
244,1.705622673034668,4.503206729888916,0.3387096774193548,0.001,float
245,1.6123402118682861,4.385373115539551,0.34274193548387094,0.001,float
246,1.6693835258483887,4.568262577056885,0.3185483870967742,0.001,float
247,1.6869027614593506,4.592495918273926,0.31451612903225806,0.001,float
248,1.5837730169296265,4.809802532196045,0.34274193548387094,0.001,float
249,1.527104377746582,4.608448505401611,0.2782258064516129,0.001,float
250,1.6822181940078735,4.966405868530273,0.3225806451612903,0.001,float
251,1.7353508472442627,4.618819713592529,0.31451612903225806,0.001,float
252,1.6016643047332764,4.957827568054199,0.28225806451612906,0.001,float
253,1.6626696586608887,5.005967617034912,0.3064516129032258,0.001,float
254,1.5825159549713135,5.053058624267578,0.34274193548387094,0.001,float
255,1.6874409914016724,4.919306755065918,0.32661290322580644,0.001,float
256,2.7990963459014893,3.499469518661499,0.25,5e-05,qat
257,2.327680826187134,3.407243013381958,0.28225806451612906,5e-05,qat
258,2.1724836826324463,3.3811659812927246,0.29838709677419356,5e-05,qat
259,2.106027841567993,3.408813953399658,0.36693548387096775,5e-05,qat
260,2.139272928237915,3.4983294010162354,0.3588709677419355,5e-05,qat
261,2.0043177604675293,3.5097296237945557,0.3790322580645161,5e-05,qat
262,1.890810251235962,3.5313303470611572,0.3588709677419355,5e-05,qat
263,2.0661919116973877,3.533926248550415,0.38306451612903225,5e-05,qat
264,1.9908844232559204,3.5325241088867188,0.3790322580645161,5e-05,qat
265,1.9136879444122314,3.58237886428833,0.3548387096774194,5e-05,qat
266,1.9899779558181763,3.558537483215332,0.36693548387096775,5e-05,qat
267,1.893448829650879,3.5844783782958984,0.3629032258064516,5e-05,qat
268,1.8885765075683594,3.595499038696289,0.3790322580645161,5e-05,qat
269,1.9115670919418335,3.576955556869507,0.3790322580645161,5e-05,qat
270,1.9686710834503174,3.579892635345459,0.375,5e-05,qat
271,1.879685401916504,3.629014015197754,0.3629032258064516,5e-05,qat
272,1.9024732112884521,3.615128993988037,0.3709677419354839,5e-05,qat
273,1.9183205366134644,3.607320785522461,0.375,5e-05,qat
274,1.9229540824890137,3.5931947231292725,0.375,5e-05,qat
275,1.8545910120010376,3.5996320247650146,0.36693548387096775,5e-05,qat
276,1.911324143409729,3.6067166328430176,0.36693548387096775,5e-05,qat
277,1.9284638166427612,3.5931432247161865,0.3629032258064516,5e-05,qat
278,1.9235613346099854,3.5959725379943848,0.3709677419354839,5e-05,qat
279,1.7546859979629517,3.602141857147217,0.3790322580645161,5e-05,qat
280,1.8884930610656738,3.6181833744049072,0.3709677419354839,5e-05,qat
281,1.9283312559127808,3.6252214908599854,0.38306451612903225,5e-05,qat
282,1.840566635131836,3.6252474784851074,0.3709677419354839,5e-05,qat
283,1.8189257383346558,3.616698980331421,0.36693548387096775,5e-05,qat
284,1.9323561191558838,3.61116361618042,0.3467741935483871,5e-05,qat
285,1.8158825635910034,3.594221830368042,0.3548387096774194,5e-05,qat
286,1.774637222290039,3.588364362716675,0.3588709677419355,5e-05,qat
287,1.9037692546844482,3.5966289043426514,0.3548387096774194,5e-05,qat
288,1.847887635231018,3.6160166263580322,0.3709677419354839,5e-05,qat
289,1.8116523027420044,3.6251418590545654,0.3709677419354839,5e-05,qat
290,1.8538181781768799,3.6547300815582275,0.3709677419354839,5e-05,qat
291,1.8355664014816284,3.6053104400634766,0.3790322580645161,5e-05,qat
292,1.7414089441299438,3.631160020828247,0.3588709677419355,5e-05,qat
293,1.8596341609954834,3.635606527328491,0.3629032258064516,5e-05,qat
294,1.8830646276474,3.6525518894195557,0.3629032258064516,5e-05,qat
295,1.817280650138855,3.6131105422973633,0.3548387096774194,5e-05,qat
296,1.7598661184310913,3.6371195316314697,0.3588709677419355,5e-05,qat
297,1.7800648212432861,3.6584911346435547,0.375,5e-05,qat
298,1.845908522605896,3.594905138015747,0.36693548387096775,5e-05,qat
299,1.7984657287597656,3.6379165649414062,0.375,5e-05,qat
300,1.807217001914978,3.6296942234039307,0.3629032258064516,5e-05,qat
301,1.8326243162155151,3.6273207664489746,0.3629032258064516,5e-05,qat
302,1.921637773513794,3.6397883892059326,0.3346774193548387,5e-05,qat
303,1.772283673286438,3.6606550216674805,0.3588709677419355,5e-05,qat
304,1.8062641620635986,3.6471188068389893,0.375,5e-05,qat
305,1.8409767150878906,3.630190372467041,0.3870967741935484,5e-05,qat
306,1.7687876224517822,3.6420114040374756,0.36693548387096775,5e-05,qat
307,1.8508853912353516,3.647038459777832,0.36693548387096775,5e-05,qat
308,1.7768877744674683,3.6739137172698975,0.3790322580645161,5e-05,qat
309,1.7398545742034912,3.6576757431030273,0.3709677419354839,2.5e-05,qat
310,1.8846282958984375,3.6536865234375,0.3629032258064516,2.5e-05,qat
311,1.8289506435394287,3.6574175357818604,0.3629032258064516,2.5e-05,qat
312,1.728952169418335,3.6677863597869873,0.3588709677419355,2.5e-05,qat
313,1.7402106523513794,3.652594804763794,0.375,2.5e-05,qat
314,1.763110876083374,3.672205924987793,0.375,2.5e-05,qat
315,1.7721593379974365,3.647573709487915,0.36693548387096775,2.5e-05,qat
316,1.776760458946228,3.6882734298706055,0.36693548387096775,2.5e-05,qat
317,1.7088520526885986,3.683231830596924,0.375,2.5e-05,qat
318,1.823338508605957,3.682784080505371,0.3467741935483871,2.5e-05,qat
319,1.7718751430511475,3.6874582767486572,0.3709677419354839,2.5e-05,qat
320,1.7261914014816284,3.6715545654296875,0.375,2.5e-05,qat
321,1.805090308189392,3.677812099456787,0.3790322580645161,2.5e-05,qat
322,1.7168898582458496,3.6835033893585205,0.38306451612903225,2.5e-05,qat
323,1.805017113685608,3.677816390991211,0.3790322580645161,2.5e-05,qat
