Arquivo;Status;Leitura_CTC_Orig;Conf_CTC_Orig;Leitura_CTC_Sint;Conf_CTC_Sint;Valor Real
image.jpg;OK;5;0.5;0;0.9318;NaN
image1.jpg;OK;9966;0.6723;966;0.3863;9998
image14.jpg;FALHA_LOCALIZACAO;;;;;
image2.jpeg;OK;88;0.5;0;0.9649;37
image3.jpg;OK;9088;0.3423;886;0.6167;103836
image4.jpg;OK;70938;0.3217;386;0.8713;103836
image5.jpg;OK;260;0.5;261;0.624;26
image6.jpg;OK;4004014;0.5;14;0.8721;14
image7.jpeg;OK;0;0.7871;0;0.397;5
image8.jpg;OK;12;0.428;21;0.3929;2
image9.jpg;OK;3534155;0.6628;3534551;0.5579;353455
;;;;;;
;;;;;;
;;;;;;
