Arquivo;Status;Leitura_MultiHead;Conf_MultiHead;Leitura_CTC_Orig;Conf_CTC_Orig;Leitura_CTC_Sint;Conf_CTC_Sint;Concordam
image.jpg;OK;565355;0.5729;;0.0;3;0.4565;FALSE
image1.jpg;OK;925555;0.3665;3;0.3749;956;0.522;FALSE
image10.jpg;OK;7;0.4213;1;0.9904;1990010;0.3458;FALSE
image11.jpg;OK;5400614;0.275;33;0.6461;933456;0.5292;FALSE
image12.jpg;FALHA_LOCALIZACAO;;;;;;;
image13.jpg;OK;402163;0.4858;8;0.7382;943;0.6533;FALSE
image14.jpg;FALHA_LOCALIZACAO;;;;;;;
image2.jpeg;OK;7775552;0.3227;95;0.5897;9;0.9593;FALSE
image3.jpg;OK;8098851;0.3482;36;0.6598;910336;0.5839;FALSE
image4.jpg;OK;1283557;0.516;933;0.3332;70337;0.5487;FALSE
image5.jpg;OK;605994;0.4189;5000232;0.48;25;0.807;FALSE
image6.jpg;OK;77;0.6955;9;0.5738;1013;0.5273;FALSE
image7.jpeg;OK;5;0.9022;0;0.4806;2;0.6665;FALSE
image8.jpg;OK;101;0.3874;10103;0.4995;2;0.9995;FALSE
image9.jpg;OK;600001;0.4085;1;0.9461;360340031;0.5006;FALSE
